{
  "total_rows": 56,
  "extraction_date": "2025-11-24T22:20:11.910526",
  "file_location": "data/bronze/reddit/year=2025/month=11/day=24/reddit_posts_20251124.csv",
  "unique_submissions": 56,
  "average_score": 278.60714285714283,
  "total_comments": 0
}