{
  "total_posts": 21,
  "extraction_date": "2025-10-28T13:57:11.762846",
  "file_location": "data\\bronze\\reddit\\year=2025\\month=10\\day=28\\reddit_posts_20251028_135711.csv",
  "unique_submissions": 2,
  "average_score": 6.190476190476191,
  "total_comments": 21
}