{
  "total_posts": 1053,
  "extraction_date": "2025-10-28T11:21:45.333376",
  "file_location": "data\\bronze\\reddit\\year=2025\\month=10\\day=28\\reddit_posts_20251028_112145.csv",
  "unique_submissions": 97,
  "average_score": 204.85470085470087,
  "total_comments": 1053
}