{
  "train_losses": [
    0.5377944379568124,
    0.4640249132678216,
    0.4185931306465048,
    0.38270437707301713,
    0.3497826686420235,
    0.3235537215055211,
    0.3053173524765217,
    0.29215994284425095
  ],
  "val_losses": [
    0.6680666944018043,
    0.7123057928130616,
    0.6273581230040239,
    0.6984062458233187,
    0.731602863611921,
    0.7384287376539675,
    0.7773599091854908,
    0.7695665449091141
  ],
  "val_accuracies": [
    0.5611503552094025,
    0.620016502646461,
    0.6711344563182998,
    0.6737306043591137,
    0.6832095634848759,
    0.6899716234981585,
    0.6992895811950331,
    0.7011008472700195
  ],
  "val_f1_scores": [
    0.5610506179192707,
    0.6184793360797622,
    0.661167853448137,
    0.66442829298144,
    0.6720852700689233,
    0.6781266930146139,
    0.6843006941292993,
    0.6859933824084681
  ],
  "best_val_f1": 0.6859933824084681,
  "training_time_seconds": 31721.91633,
  "label_mapping": {
    "Negative": 0,
    "Positive": 1
  }
}